{"cameraMode":{"drawMode":0,"name":"Shaded","section":"Shading Mode"},"sceneLighting":false,"audioPlay":false,"sceneViewState":{"showFog":true,"showMaterialUpdate":true,"showSkybox":true,"showFlares":true,"showImageEffects":true,"showParticleSystems":true},"in2DMode":false,"pivot":{"x":4.320000171661377,"y":-1.0700000524520875,"z":1.5299999713897706},"rotation":{"x":-0.07667005062103272,"y":0.04096536710858345,"z":-0.0031524633523076774,"w":-0.9962096214294434},"size":5.273653030395508,"orthographic":false}